year_month,shipments,cost_per_shipment,on_time_pct,avg_dwell_hrs,avg_diesel_cpl,cost_mom_pct
2025-10,1955,1542.05,87.5,2.6,155.5,
2025-11,2224,1536.96,85.2,3.1,159.8,-0.3
2025-12,2574,1540.03,83.6,3.34,163.2,0.2
2026-01,2060,1502.82,88.9,2.56,162.5,-2.4
2026-02,1779,1467.15,87.1,2.56,157.1,-2.4
2026-03,1951,1481.76,88.1,2.54,154.7,1.0
2026-04,1969,1473.47,88.3,2.6,152.1,-0.6
2026-05,1936,1461.01,88.0,2.59,151.2,-0.8
2026-06,1970,1429.98,86.9,2.58,149.7,-2.1
2026-07,2019,1465.43,88.2,2.5,151.1,2.5
2026-08,1846,1546.36,88.6,2.54,160.6,5.5
2026-09,1717,1617.24,88.4,2.54,178.9,4.6
