week_start,diesel_cpl
2025-09-25,153.4
2025-10-02,155.0
2025-10-09,151.9
2025-10-16,156.0
2025-10-23,158.4
2025-10-30,158.7
2025-11-06,158.9
2025-11-13,160.3
2025-11-20,160.4
2025-11-27,160.4
2025-12-04,162.5
2025-12-11,163.9
2025-12-18,164.0
2025-12-25,163.9
2026-01-01,164.1
2026-01-08,162.6
2026-01-15,161.4
2026-01-22,162.1
2026-01-29,161.3
2026-02-05,157.6
2026-02-12,155.8
2026-02-19,156.4
2026-02-26,154.9
2026-03-05,153.6
2026-03-12,154.0
2026-03-19,156.9
2026-03-26,154.3
2026-04-02,156.2
2026-04-09,152.4
2026-04-16,151.7
2026-04-23,148.2
2026-04-30,150.2
2026-05-07,151.2
2026-05-14,152.9
2026-05-21,150.3
2026-05-28,151.3
2026-06-04,149.7
2026-06-11,148.3
2026-06-18,149.3
2026-06-25,151.1
2026-07-02,151.6
2026-07-09,150.4
2026-07-16,149.0
2026-07-23,152.6
2026-07-30,154.4
2026-08-06,156.7
2026-08-13,162.3
2026-08-20,161.3
2026-08-27,167.9
2026-09-03,175.8
2026-09-10,180.4
2026-09-17,183.3
2026-09-24,182.9
